{"cameraMode":{"drawMode":0,"name":"Shaded","section":"Shading Mode"},"sceneLighting":true,"audioPlay":false,"sceneViewState":{"m_AlwaysRefresh":false,"showFog":true,"showSkybox":false,"showFlares":true,"showImageEffects":true,"showParticleSystems":true,"showVisualEffectGraphs":true,"m_FxEnabled":true},"in2DMode":false,"pivot":{"x":-0.06300020217895508,"y":0.7049999237060547,"z":0.1230001449584961},"rotation":{"x":0.1894167810678482,"y":-0.04701581224799156,"z":0.009188586845993996,"w":0.9806450605392456},"size":12.12435531616211,"orthographic":false}