{"cameraMode":{"drawMode":0,"name":"Shaded","section":"Shading Mode"},"sceneLighting":true,"audioPlay":false,"sceneViewState":{"m_AlwaysRefresh":false,"showFog":true,"showSkybox":true,"showFlares":true,"showImageEffects":true,"showParticleSystems":true,"showVisualEffectGraphs":true,"m_FxEnabled":true},"in2DMode":false,"pivot":{"x":-5.713781833648682,"y":-3.5634706020355226,"z":16.107309341430665},"rotation":{"x":0.12233869731426239,"y":-0.10095642507076264,"z":0.012624111026525498,"w":0.9871721863746643},"size":16.499570846557618,"orthographic":false}