{"cameraMode":{"drawMode":0,"name":"Shaded","section":"Shading Mode"},"sceneLighting":true,"audioPlay":false,"sceneViewState":{"m_AlwaysRefresh":false,"showFog":true,"showSkybox":false,"showFlares":true,"showImageEffects":true,"showParticleSystems":true,"showVisualEffectGraphs":true,"m_FxEnabled":true},"in2DMode":false,"pivot":{"x":-0.06299996376037598,"y":0.7050000429153442,"z":0.12300002574920654},"rotation":{"x":0.1894167810678482,"y":-0.04701581224799156,"z":0.009188586845993996,"w":0.9806450605392456},"size":2.4248712062835695,"orthographic":false}